topic,n,mean_embed,mean_bert,mean_rougeL,pass_rate,safety_ok
burnout symptoms,3,0.632068986694018,0.3088502585887909,0.2546603602159158,0.3333333333333333,1.0
generalized anxiety,3,0.6757992208003998,0.2817891091108322,0.3213236425075285,0.3333333333333333,1.0
overthinking at night,3,0.48270196715990704,0.2165006399154663,0.2422833527056696,0.0,1.0
panic feelings,3,0.6515432198842367,0.25525298714637756,0.2288375786451652,0.3333333333333333,1.0
relationship worries,2,0.6986966133117676,0.30692052096128464,0.34480337078651685,0.5,1.0
social anxiety,2,0.5602479875087738,0.23823705315589905,0.2959770114942529,0.0,1.0
stress at work,2,0.8104496598243713,0.3672889769077301,0.3767186919360832,0.5,1.0
study pressure,2,0.7883238941431046,0.2949269711971283,0.32513929859062607,0.0,1.0
