prompt_len_bin,n,mean_embed,mean_bert,mean_rougeL,pass_rate,safety_ok
60–119,8,0.7616978287696838,0.35075167566537857,0.3909840280817536,0.625,1.0
<60,12,0.579016155252854,0.23299271861712137,0.22489327693198055,0.0,1.0
